date,open,close,volume,change_pct
2020-09-30,10.0,9.5,338584433,-5.000000000000004
2020-10-01,9.69,9.46,124297587,-2.3735810113518996
2020-10-02,9.06,9.2,55018343,1.5452538631346435
2020-10-05,9.43,9.03,36316878,-4.241781548250268
2020-10-06,9.04,9.9,90864039,9.513274336283196
2020-10-07,10.04,10.0,54672419,-0.3984063745019806
2020-10-08,10.29,10.0,34989186,-2.818270165208936
2020-10-09,10.13,9.95,19653450,-1.7769002961500635
2020-10-12,10.04,9.89,20623565,-1.4940239043824577
2020-10-13,9.88,9.47,21847177,-4.1497975708502
2020-10-14,9.6,9.34,13785097,-2.708333333333335
2020-10-15,9.27,9.91,12924093,6.903991370010787
2020-10-16,9.94,9.71,11142464,-2.31388329979878
2020-10-19,9.79,9.57,9126352,-2.2471910112359383
2020-10-20,9.6,9.27,11138223,-3.4375000000000044
2020-10-21,9.3,9.2,9189978,-1.0752688172043112
2020-10-22,9.37,9.68,17928578,3.3084311632870955
2020-10-23,9.71,9.49,12618010,-2.2657054582904235
2020-10-26,9.72,9.95,23767344,2.3662551440329027
2020-10-27,10.0,10.95,53695925,9.499999999999996
2020-10-28,10.66,10.85,30941720,1.7823639774859235
2020-10-29,10.9,10.75,20515706,-1.3761467889908285
2020-10-30,10.61,10.13,19728372,-4.524033930254467
2020-11-02,10.23,10.54,11677845,3.0303030303030276
2020-11-03,10.57,10.5,21652807,-0.6622516556291425
2020-11-04,10.82,10.72,15783356,-0.9242144177449174
2020-11-05,10.9,11.88,48560380,8.99082568807339
2020-11-06,12.22,13.83,89977555,13.175122749590829
2020-11-09,14.96,14.67,60098963,-1.9385026737967936
2020-11-10,14.99,14.0,38078742,-6.604402935290199
2020-11-11,14.57,15.96,47027940,9.540150995195606
2020-11-12,16.66,14.58,99287571,-12.484993997599037
2020-11-13,14.49,15.8,76622565,9.040717736369919
2020-11-16,15.96,15.93,65325988,-0.187969924812037
2020-11-17,16.29,17.85,116618543,9.576427255985287
2020-11-18,18.28,17.9,89957892,-2.0787746170678467
2020-11-19,18.5,18.98,56225400,2.5945945945945903
2020-11-20,19.03,18.15,72103988,-4.624277456647407
2020-11-23,18.63,21.04,84716298,12.936124530327419
2020-11-24,22.35,23.82,115468825,6.577181208053684
2020-11-25,23.96,29.05,202563731,21.24373956594323
2020-11-27,31.19,27.66,207834002,-11.31773004168003
2020-11-30,28.24,27.11,137243001,-4.001416430594896
2020-12-01,28.09,25.67,84539786,-8.615165539337832
2020-12-02,22.24,22.51,149062083,1.2140287769784264
2020-12-03,23.55,24.03,85634262,2.0382165605095537
2020-12-04,24.88,23.85,56044061,-4.139871382636651
2020-12-07,24.44,28.94,117909447,18.412438625204587
2020-12-08,30.63,28.59,124570465,-6.660137120470122
2020-12-09,28.68,26.63,79488069,-7.147838214783819
2020-12-10,25.5412,27.04,57774823,5.868165943651826
2020-12-11,27.15,27.2,52764350,0.18416206261511192
2020-12-14,28.26,27.24,44734521,-3.6093418259023458
2020-12-15,26.82,26.43,49273241,-1.4541387024608499
2020-12-16,25.71,25.92,44013392,0.8168028004667427
2020-12-17,26.52,27.23,53829804,2.677224736048278
2020-12-18,26.27,25.97,71042932,-1.1419870574800206
2020-12-21,26.19,28.51,76729131,8.858342878961434
2020-12-22,29.03,28.04,66196470,-3.4102652428522284
2020-12-23,28.95,28.69,58772227,-0.898100172711569
2020-12-24,28.7976,27.75,26306795,-3.6378031502625197
2020-12-28,28.39,25.63,55878713,-9.72173300457908
2020-12-29,25.75,24.66,47302415,-4.2330097087378675
2020-12-30,24.97,25.1,34586667,0.5206247496996497
2020-12-31,24.63,23.55,39922546,-4.384896467722288
2021-01-04,23.91,23.37,44970355,-2.258469259723961
2021-01-05,23.18,24.6,29050437,6.125970664365843
2021-01-06,24.12,23.54,32732892,-2.4046434494195745
2021-01-07,24.02,25.0,32240048,4.079933388842627
2021-01-08,25.7,25.2,41313824,-1.945525291828798
2021-01-11,24.61,25.93,32608983,5.363673303535155
2021-01-12,26.34,26.18,26994964,-0.6074411541381886
2021-01-13,25.71,25.5,51216556,-0.8168028004667427
2021-01-14,25.45,24.92,32908003,-2.0825147347740547
2021-01-15,26.26,25.64,92285513,-2.3610053313023682
2021-01-19,26.81,26.62,48675845,-0.7086907870197612
2021-01-20,27.29,26.34,37459017,-3.4811286185415846
2021-01-21,26.42,25.98,29891354,-1.665404996214992
2021-01-22,25.85,32.58,156844666,26.034816247582192
2021-01-25,34.46,36.23,191345300,5.136390017411485
2021-01-26,35.14,35.37,65869976,0.6545247581104086
2021-01-27,32.97,39.0,170758759,18.28935395814377
2021-01-28,39.54,35.66,85250675,-9.812847749114828
2021-01-29,36.61,35.18,42030917,-3.906036602021301
2021-02-01,35.33,33.96,43460896,-3.8777243136144834
2021-02-02,34.1,31.02,69647948,-9.03225806451613
2021-02-03,32.39,31.76,35311995,-1.9450447669033588
2021-02-04,32.58,32.05,31657211,-1.6267648864333961
2021-02-05,32.61,34.05,62375282,4.415823367065319
2021-02-08,37.22,36.05,72610624,-3.143471252015051
2021-02-09,36.9,38.17,44243214,3.441734417344189
2021-02-10,38.15,35.7,45177247,-6.422018348623837
2021-02-11,35.79,33.11,52094876,-7.48812517462979
2021-02-12,33.36,31.91,60925593,-4.346522781774576
2021-02-16,30.02,27.84,180294325,-7.261825449700199
2021-02-17,27.99,27.08,151007022,-3.2511611289746334
2021-02-18,24.99,25.17,313175121,0.7202881152461149
2021-02-19,27.02,29.0,320063732,7.327905255366396
2021-02-22,29.96,28.0,183049487,-6.542056074766355
2021-02-23,25.96,26.75,145289437,3.0431432973805794
2021-02-24,26.71,26.39,90095691,-1.1980531636091363
2021-02-25,25.82,23.96,161776411,-7.203718048024788
2021-02-26,24.2,23.9,119588572,-1.2396694214876103
2021-03-01,25.19,24.81,85059882,-1.508535132989297
2021-03-02,25.0,24.48,73996950,-2.079999999999993
2021-03-03,24.99,23.59,79046238,-5.602240896358534
2021-03-04,24.85,24.73,161611160,-0.48289738430583595
2021-03-05,24.36,23.95,173468558,-1.6830870279146093
2021-03-08,23.77,22.52,94432814,-5.258729490954983
2021-03-09,23.38,24.26,99586460,3.763900769888795
2021-03-10,25.03,24.75,103212792,-1.1186576108669688
2021-03-11,25.95,26.73,84788705,3.005780346820819
2021-03-12,25.74,26.92,58721863,4.584304584304588
2021-03-15,27.35,26.79,56548963,-2.0475319926873903
2021-03-16,26.75,25.61,73615140,-4.261682242990661
2021-03-17,24.52,25.21,77081743,2.814029363784676
2021-03-18,24.73,23.98,57523321,-3.0327537403962768
2021-03-19,24.01,24.32,57915872,1.291128696376509
2021-03-22,24.89,24.22,46208146,-2.69184411410206
2021-03-23,24.0,23.26,50169702,-3.083333333333327
2021-03-24,23.3,21.88,69271892,-6.094420600858374
2021-03-25,21.2,22.58,74592579,6.509433962264155
2021-03-26,22.63,22.58,57916429,-0.22094564737075162
2021-03-29,22.48,21.73,57647369,-3.3362989323843406
2021-03-30,21.36,22.04,52039738,3.183520599250933
2021-03-31,22.5,23.29,61458497,3.5111111111111093
2021-04-01,23.95,23.07,51788762,-3.674321503131517
2021-04-05,23.78,23.44,65374263,-1.4297729184188368
2021-04-06,23.55,23.27,41933453,-1.1889596602972397
2021-04-07,23.0,22.9,32766194,-0.43478260869566077
2021-04-08,23.2,23.41,35905537,0.9051724137931094
2021-04-09,23.46,24.04,54082682,2.4722932651321416
2021-04-12,24.52,23.34,68620842,-4.812398042414356
2021-04-13,23.19,25.42,83913494,9.616213885295387
2021-04-14,25.35,23.7,108793791,-6.5088757396449815
2021-04-15,24.01,23.15,58849349,-3.581840899625166
2021-04-16,22.86,22.47,46627689,-1.7060367454068248
2021-04-19,22.15,21.94,45753872,-0.9480812641083358
2021-04-20,21.96,21.78,47123090,-0.8196721311475419
2021-04-21,21.65,22.63,42641404,4.526558891454968
2021-04-22,22.94,22.86,51346366,-0.34873583260680574
2021-04-23,22.89,23.41,32169533,2.2717343818261293
2021-04-26,23.69,24.11,33667583,1.7728999577880877
2021-04-27,24.17,23.88,27678340,-1.199834505585451
2021-04-28,23.67,23.85,22068111,0.7604562737642651
2021-04-29,23.87,23.37,36770148,-2.0946795140343477
2021-04-30,23.18,23.04,24717299,-0.6039689387402958
2021-05-03,23.01,22.3,33934417,-3.085614950021731
2021-05-04,21.94,21.64,63429554,-1.3673655423883324
2021-05-05,21.81,21.15,24303629,-3.0261348005502064
2021-05-06,21.02,20.09,92201104,-4.424357754519503
2021-05-07,20.3,19.75,63725501,-2.7093596059113323
2021-05-10,19.28,18.47,104670546,-4.201244813278016
2021-05-11,17.2,20.21,203230517,17.500000000000004
2021-05-12,20.0,18.89,128281543,-5.549999999999999
2021-05-13,19.14,18.37,87811609,-4.0229885057471275
2021-05-14,18.82,20.08,79409513,6.695005313496272
2021-05-17,19.73,20.46,50039596,3.699949315762807
2021-05-18,20.52,21.24,59672370,3.50877192982455
2021-05-19,20.1,20.67,45314036,2.8358208955223896
2021-05-20,20.75,20.61,46302386,-0.6746987951807282
2021-05-21,20.84,20.75,35372922,-0.4318618042226441
2021-05-24,21.06,21.22,46596776,0.7597340930674212
2021-05-25,21.42,21.48,49890803,0.2801120448179262
2021-05-26,21.58,22.12,42958297,2.5023169601482875
2021-05-27,22.01,22.7,76230463,3.134938664243525
2021-05-28,23.0,22.95,111845970,-0.21739130434782483
2021-06-01,23.19,23.06,52695506,-0.5605864596809118
2021-06-02,23.02,24.45,86473158,6.211989574283239
2021-06-03,24.14,23.63,48164194,-2.1126760563380365
2021-06-04,23.71,24.03,42537599,1.349641501476162
2021-06-07,24.0,24.46,49641037,1.9166666666666776
2021-06-08,24.85,24.38,53488561,-1.8913480885311973
2021-06-09,24.45,24.17,36006240,-1.1451942740286158
2021-06-10,24.0,24.14,35482902,0.5833333333333357
2021-06-11,24.12,24.67,33113056,2.280265339966836
2021-06-14,24.73,25.0,51801476,1.0917913465426698
2021-06-15,25.03,24.41,46693199,-2.4770275669196984
2021-06-16,24.09,24.8,58452612,2.9472810294728147
2021-06-17,24.68,25.45,64408370,3.1199351701782785
2021-06-18,25.59,25.37,65852610,-0.8597108245408269
2021-06-21,25.1,25.42,54805001,1.2749003984063645
2021-06-22,25.39,25.4,46171052,0.03938558487592836
2021-06-23,25.46,26.27,53362161,3.1814611154752592
2021-06-24,26.49,26.53,48419360,0.15100037750095385
2021-06-25,26.58,26.78,140832704,0.7524454477050524
2021-06-28,26.98,27.38,42184606,1.4825796886582587
2021-06-29,27.38,26.63,38478919,-2.7392257121986896
2021-06-30,26.48,26.36,28957136,-0.45317220543806824
2021-07-01,26.1,24.72,55571523,-5.287356321839088
2021-07-02,25.0,24.44,29529097,-2.2399999999999975
2021-07-06,24.6,24.68,28764530,0.3252032520325132
2021-07-07,24.23,22.89,66937305,-5.530334296326867
2021-07-08,22.43,23.08,34612558,2.8979045920642044
2021-07-09,22.96,23.29,22492370,1.4372822299651533
2021-07-12,23.26,22.95,23457170,-1.3327601031814407
2021-07-13,22.98,22.45,24748843,-2.306353350739776
2021-07-14,22.49,21.56,33796192,-4.135171187194309
2021-07-15,21.72,21.47,31870960,-1.151012891344383
2021-07-16,21.6,21.37,19503109,-1.0648148148148184
2021-07-19,20.97,21.54,30314387,2.7181688125894166
2021-07-20,21.63,22.18,22954034,2.542764678687015
2021-07-21,22.27,22.52,20437265,1.122586439155815
2021-07-22,22.55,22.07,17468879,-2.1286031042128672
2021-07-23,22.01,21.81,17653323,-0.9086778736937862
2021-07-26,21.8,22.13,16267893,1.513761467889907
2021-07-27,21.96,21.68,23078733,-1.2750455373406244
2021-07-28,21.75,22.56,25073557,3.724137931034477
2021-07-29,22.78,22.18,19219083,-2.6338893766461924
2021-07-30,21.85,21.71,15889153,-0.6407322654462311
2021-08-02,21.91,22.1,21372877,0.867183934276583
2021-08-03,22.03,22.24,17040068,0.9532455742169654
2021-08-04,22.2,22.3,15537433,0.45045045045044585
2021-08-05,22.22,22.52,18575248,1.3501350135013634
2021-08-06,22.64,21.82,24200671,-3.621908127208484
2021-08-09,21.85,22.93,35611060,4.942791762013732
2021-08-10,23.01,22.92,25947920,-0.39113428943937656
2021-08-11,23.07,22.35,34678970,-3.1209362808842567
2021-08-12,24.45,24.89,189542237,1.7995910020449868
2021-08-13,25.0,24.9,52395086,-0.40000000000000036
2021-08-16,24.9,24.5,46189789,-1.6064257028112428
2021-08-17,23.9,23.97,35348320,0.29288702928871313
2021-08-18,24.07,25.28,92065605,5.027004570004157
2021-08-19,25.01,24.16,67605646,-3.398640543782494
2021-08-20,24.22,24.01,52062313,-0.867052023121373
2021-08-23,24.02,24.82,35705261,3.3305578684429626
2021-08-24,25.0,25.1,37227370,0.40000000000000036
2021-08-25,25.12,24.35,54678454,-3.0652866242038224
2021-08-26,24.4,24.87,46179423,1.9262295081967418
2021-08-27,25.05,25.71,52268503,2.6347305389221587
2021-08-30,25.74,25.76,44139329,0.07770007770009357
2021-08-31,25.79,26.34,93168646,2.132609538580854
2021-09-01,26.46,26.2,34417234,-0.9826152683295564
2021-09-02,26.21,26.51,38507376,1.144601297214809
2021-09-03,26.49,26.64,26652612,0.5662514156285381
2021-09-07,26.79,26.7,35835094,-0.33594624860022737
2021-09-08,26.6,25.58,54394364,-3.834586466165424
2021-09-09,25.39,26.13,34190814,2.9145332808192093
2021-09-10,26.18,26.28,37307791,0.381970970206269
2021-09-13,26.15,25.83,42372268,-1.2237093690248613
2021-09-14,25.97,26.26,34568976,1.1166730843280792
2021-09-15,26.3,27.08,49555491,2.965779467680596
2021-09-16,27.2,28.63,109991984,5.257352941176463
2021-09-17,28.66,28.71,182214590,0.17445917655269927
2021-09-20,27.57,26.55,89413466,-3.699673558215455
2021-09-21,26.89,26.62,50933596,-1.004090740052066
2021-09-22,26.61,27.43,44308146,3.081548290116509
2021-09-23,27.71,28.77,60028602,3.8253338145074034
2021-09-24,28.27,28.56,40309743,1.025822426600631
2021-09-27,28.23,27.47,44102849,-2.6921714488133297
2021-09-28,27.02,25.34,64206202,-6.217616580310881
2021-09-29,25.61,24.52,46164524,-4.256149941429133
2021-09-30,24.69,24.04,59505593,-2.6326447954637566
2021-10-01,24.21,24.33,32777971,0.4956629491945419
2021-10-04,24.01,23.17,46789720,-3.498542274052474
2021-10-05,23.21,23.21,56574824,0.0
2021-10-06,24.91,23.58,125175676,-5.33922119630671
2021-10-07,23.71,23.73,38873699,0.0843525938422518
2021-10-08,23.86,23.5,39713420,-1.5088013411567402
2021-10-11,23.26,23.53,23971679,1.1607910576096225
2021-10-12,23.55,23.69,26280035,0.5944798301486198
2021-10-13,23.83,24.13,28494029,1.2589173310952662
2021-10-14,24.43,24.35,26106710,-0.32746623004501485
2021-10-15,24.5,24.0,24366136,-2.0408163265306145
2021-10-18,24.0,24.26,25609889,1.0833333333333472
2021-10-19,24.5,24.69,29393871,0.775510204081642
2021-10-20,24.79,24.22,24248046,-2.2993142396127486
2021-10-21,24.13,24.78,23976568,2.693742229589735
2021-10-22,24.49,24.43,20166825,-0.24499795835034588
2021-10-25,24.5,25.41,33962065,3.7142857142857144
2021-10-26,25.99,25.52,56767030,-1.8083878414774879
2021-10-27,25.64,25.06,24157199,-2.26209048361935
2021-10-28,25.3,25.64,21203027,1.3438735177865535
2021-10-29,25.5,25.88,21910308,1.4901960784313717
2021-11-01,26.11,26.56,26684709,1.7234775947912562
2021-11-02,26.56,25.92,30794632,-2.409638554216853
2021-11-03,25.89,26.12,25244192,0.8883738895326454
2021-11-04,26.26,26.47,25029657,0.7996953541507867
2021-11-05,26.45,26.0,26004970,-1.7013232514177634
2021-11-08,26.25,26.75,41359562,1.904761904761898
2021-11-09,25.9,24.25,117540155,-6.370656370656369
2021-11-10,23.6,22.52,94860149,-4.5762711864406835
2021-11-11,23.04,22.99,43381487,-0.21701388888889506
2021-11-12,23.02,22.83,53516196,-0.8253692441355431
2021-11-15,23.0,23.41,33225734,1.7826086956521658
2021-11-16,23.29,23.13,31574786,-0.6869901245169618
2021-11-17,23.05,22.49,27994121,-2.4295010845987064
2021-11-18,22.5,21.5,51039943,-4.444444444444439
2021-11-19,21.6,21.41,30013125,-0.8796296296296302
2021-11-22,21.53,20.65,59899106,-4.087320018578744
2021-11-23,20.59,20.59,44587969,0.0
2021-11-24,20.35,21.11,35233903,3.7346437346437167
2021-11-26,20.41,21.03,20691212,3.037726604605595
2021-11-29,21.19,21.07,29113989,-0.5663048607833954
2021-11-30,20.95,20.65,38196416,-1.4319809069212486
2021-12-01,20.53,19.38,48488718,-5.601558694593289
2021-12-02,19.3,19.69,45802940,2.02072538860103
2021-12-03,19.5,18.98,56039602,-2.6666666666666616
2021-12-06,18.54,18.8,56459758,1.4023732470334505
2021-12-07,19.26,19.46,35128988,1.038421599169248
2021-12-08,19.51,19.82,28425939,1.588928754484864
2021-12-09,19.95,19.21,30354670,-3.7092731829573844
2021-12-10,19.28,18.94,27594490,-1.763485477178417
2021-12-13,18.8,18.4,38376018,-2.1276595744680993
2021-12-14,18.0,18.64,38864751,3.5555555555555562
2021-12-15,18.37,18.86,39361880,2.667392487751763
2021-12-16,18.96,18.34,33949973,-3.270042194092837
2021-12-17,18.03,19.06,44495175,5.712701053799218
2021-12-20,18.59,17.96,42265899,-3.3889187735341553
2021-12-21,18.16,18.9,33878598,4.074889867841391
2021-12-22,18.65,18.88,33894183,1.2332439678284235
2021-12-23,18.85,18.93,24758314,0.42440318302385815
2021-12-27,18.78,18.94,21782025,0.8519701810436597
2021-12-28,18.89,18.57,20518849,-1.694017998941244
2021-12-29,18.53,18.17,28217548,-1.9427954668105762
2021-12-30,18.1,18.69,29285189,3.2596685082872945
2021-12-31,18.61,18.21,23555998,-2.149382052659854
2022-01-03,18.36,18.53,34386628,0.92592592592593
2022-01-04,18.61,18.17,39643168,-2.364320257925834
2022-01-05,18.03,16.96,58445907,-5.934553521907937
2022-01-06,16.87,16.74,49737071,-0.7705986959099187
2022-01-07,16.7,16.56,37989265,-0.8383233532934131
2022-01-10,16.19,16.5,77649430,1.914762198888198
2022-01-11,16.4,16.89,47442586,2.9878048780487942
2022-01-12,17.16,16.72,39784185,-2.564102564102566
2022-01-13,16.8,16.01,35492186,-4.702380952380947
2022-01-14,15.94,16.01,35624910,0.43914680050189947
2022-01-18,15.45,14.97,49275074,-3.1067961165048508
2022-01-19,14.9,14.56,48049078,-2.281879194630876
2022-01-20,14.89,14.62,44690391,-1.8132975151108233
2022-01-21,14.25,13.53,73031305,-5.052631578947375
2022-01-24,12.79,13.4,110640165,4.769351055512128
2022-01-25,13.12,13.06,47456624,-0.45731707317072656
2022-01-26,13.6,12.75,69949711,-6.25
2022-01-27,13.01,12.28,52622863,-5.6110684089162195
2022-01-28,12.3,12.71,54887541,3.3333333333333437
2022-01-31,12.77,13.71,51039253,7.361002349256074
2022-02-01,14.23,14.2,69012946,-0.21082220660576523
2022-02-02,14.09,13.32,47204312,-5.464868701206527
2022-02-03,12.95,12.45,47236945,-3.8610038610038644
2022-02-04,12.47,12.94,38989151,3.7690457097032892
2022-02-07,13.025,12.98,45646074,-0.34548944337812193
2022-02-08,12.75,13.15,30317109,3.1372549019607954
2022-02-09,13.29,13.87,34451922,4.364183596689242
2022-02-10,13.5,13.56,41998243,0.4444444444444473
2022-02-11,13.45,13.13,41831569,-2.379182156133819
2022-02-14,13.1,13.26,40617850,1.2213740458015376
2022-02-15,13.52,14.17,48523679,4.807692307692313
2022-02-16,13.91,13.97,58624449,0.43134435657801173
2022-02-17,12.39,11.77,151385399,-5.004035512510097
2022-02-18,11.92,11.02,137808130,-7.550335570469802
2022-02-22,10.7,10.48,104501495,-2.0560747663551315
2022-02-23,10.83,10.43,93964473,-3.693444136657431
2022-02-24,9.75,11.83,118793047,21.333333333333336
2022-02-25,11.59,11.47,75433711,-1.035375323554777
2022-02-28,11.96,11.85,75390479,-0.9197324414715768
2022-03-01,11.99,12.18,64867173,1.5846538782318564
2022-03-02,12.21,12.06,56698280,-1.2285012285012331
2022-03-03,12.01,11.34,46171972,-5.578684429641967
2022-03-04,11.7,10.96,43631139,-6.324786324786313
2022-03-07,11.43,11.11,63070581,-2.7996500437445393
2022-03-08,10.93,11.04,49279564,1.0064043915827936
2022-03-09,11.41,11.65,43591369,2.1034180543382908
2022-03-10,11.38,11.87,52295390,4.305799648506148
2022-03-11,11.86,11.39,37817372,-3.9629005059021782
2022-03-14,11.17,10.5,49762551,-5.998209489704564
2022-03-15,10.47,10.77,40451175,2.865329512893977
2022-03-16,10.95,11.79,62746614,7.6712328767123195
2022-03-17,11.72,12.32,43948861,5.119453924914663
2022-03-18,12.28,12.82,59125472,4.3973941368078195
2022-03-21,12.72,12.59,39410854,-1.0220125786163603
2022-03-22,12.52,13.27,46210656,5.990415335463251
2022-03-23,13.16,13.18,33699354,0.1519756838905817
2022-03-24,13.25,13.39,29535255,1.0566037735849187
2022-03-25,13.36,12.97,24796929,-2.9191616766466977
2022-03-28,13.01,13.42,27151982,3.1514219830899304
2022-03-29,13.65,14.2,46433721,4.029304029304015
2022-03-30,14.04,13.88,32163994,-1.1396011396011319
2022-03-31,13.9,13.73,22839957,-1.2230215827338076
2022-04-01,13.77,13.83,23831607,0.43572984749455923
2022-04-04,14.03,14.63,40124782,4.2765502494654495
2022-04-05,14.61,13.89,37677310,-4.928131416837777
2022-04-06,13.52,13.0,40647687,-3.8461538461538436
2022-04-07,12.95,12.84,34727408,-0.8494208494208455
2022-04-08,12.7,12.7,24962502,0.0
2022-04-11,12.45,12.66,26095830,1.6867469879518149
2022-04-12,12.88,12.46,26226526,-3.2608695652173947
2022-04-13,12.35,12.9,21152882,4.453441295546567
2022-04-14,12.92,12.42,23284123,-3.8699690402476783
2022-04-18,12.35,12.15,25395600,-1.6194331983805599
2022-04-19,12.08,12.91,31753902,6.870860927152322
2022-04-20,13.08,12.79,31528605,-2.2171253822630077
2022-04-21,13.02,12.33,32008952,-5.299539170506906
2022-04-22,12.33,11.96,30386141,-3.0008110300080992
2022-04-25,11.83,12.11,31727574,2.3668639053254337
2022-04-26,11.94,11.12,38666484,-6.867671691792299
2022-04-27,11.01,10.56,54508483,-4.087193460490457
2022-04-28,10.69,10.95,40074509,2.4321796071094415
2022-04-29,10.9,10.4,30937495,-4.587155963302747
2022-05-02,10.38,10.74,41193848,3.4682080924855363
2022-05-03,10.69,10.55,31372676,-1.3096351730589206
2022-05-04,10.53,10.98,43239867,4.2735042735042805
2022-05-05,10.8,10.12,40523644,-6.296296296296311
2022-05-06,10.0,9.48,69691303,-5.199999999999994
2022-05-09,7.78,7.46,170871733,-4.113110539845765
2022-05-10,7.56,7.29,86932388,-3.57142857142857
2022-05-11,7.28,6.71,72894876,-7.829670329670336
2022-05-12,6.55,7.34,82147335,12.061068702290068
2022-05-13,7.52,8.34,69242703,10.904255319148938
2022-05-16,8.17,8.04,46153164,-1.5911872705018482
2022-05-17,8.1,8.36,38620821,3.2098765432098775
2022-05-18,8.21,8.01,29304567,-2.436053593179066
2022-05-19,7.97,8.31,35780868,4.2659974905897124
2022-05-20,8.26,8.08,40879105,-2.1791767554479424
2022-05-23,8.01,8.01,27755176,0.0
2022-05-24,7.98,7.55,47218653,-5.388471177944865
2022-05-25,7.52,7.96,35068948,5.85106382978724
2022-05-26,7.84,8.36,39738920,6.632653061224492
2022-05-27,8.5,8.85,37063986,4.117647058823515
2022-05-31,8.97,8.68,41672271,-3.232998885172811
2022-06-01,8.72,8.46,34438066,-2.9816513761467878
2022-06-02,8.54,9.3,41479909,8.899297423887598
2022-06-03,9.04,8.94,36632342,-1.106194690265483
2022-06-06,9.11,8.98,35101113,-1.4270032930845167
2022-06-07,8.89,9.13,28049430,2.699662542182235
2022-06-08,9.18,9.18,29056310,0.0
2022-06-09,9.13,8.68,30588227,-4.928806133625418
2022-06-10,8.48,8.26,30293236,-2.594339622641517
2022-06-13,7.99,7.64,40942971,-4.380475594493127
2022-06-14,7.735,7.82,30564136,1.098901098901095
2022-06-15,7.92,8.12,38235303,2.525252525252508
2022-06-16,7.84,7.67,36793539,-2.168367346938771
2022-06-17,7.7,8.24,45517993,7.012987012987004
2022-06-21,8.59,8.71,48887634,1.396973224679865
2022-06-22,8.52,9.01,43486258,5.751173708920199
2022-06-23,9.02,9.46,44618047,4.878048780487809
2022-06-24,9.53,10.19,67826046,6.92549842602308
2022-06-27,10.15,9.62,44767950,-5.221674876847304
2022-06-28,9.57,9.31,45683156,-2.7168234064785746
2022-06-29,9.35,9.23,40408663,-1.2834224598930355
2022-06-30,9.02,9.07,33636395,0.5543237250554389
2022-07-01,9.11,9.27,33504389,1.7563117453347932
2022-07-05,9.14,10.07,55913039,10.175054704595187
2022-07-06,10.01,9.8,54604339,-2.0979020979020935
2022-07-07,9.76,10.18,35672506,4.303278688524581
2022-07-08,9.92,10.17,36737070,2.5201612903225756
2022-07-11,9.98,9.56,34049499,-4.208416833667339
2022-07-12,9.66,9.49,42765812,-1.7598343685300222
2022-07-13,9.22,9.28,32461304,0.6507592190889255
2022-07-14,9.23,8.9,26702065,-3.575297941495126
2022-07-15,9.01,9.04,34918133,0.33296337402886067
2022-07-18,9.25,9.03,32428356,-2.3783783783783874
2022-07-19,9.15,9.34,29033769,2.076502732240426
2022-07-20,9.44,10.11,40845162,7.097457627118642
2022-07-21,10.37,10.49,51691188,1.1571841851494735
2022-07-22,10.35,9.84,38915495,-4.927536231884055
2022-07-25,9.83,9.68,21484978,-1.5259409969481164
2022-07-26,9.66,9.4,21997819,-2.6915113871635588
2022-07-27,9.67,10.02,29810929,3.619441571871773
2022-07-28,10.03,10.13,27172854,0.9970089730807707
2022-07-29,10.01,10.35,31106607,3.3966033966033926
2022-08-01,10.25,10.47,31694733,2.146341463414636
2022-08-02,10.32,10.92,40958813,5.813953488372081
2022-08-03,11.08,11.2,35796465,1.0830324909747224
2022-08-04,11.19,11.32,32093381,1.1617515638963516
2022-08-05,11.01,11.45,50264847,3.996366939146223
2022-08-08,9.77,9.82,125272644,0.5117707267144445
2022-08-09,9.54,9.25,58788927,-3.039832285115296
2022-08-10,9.51,9.59,46054905,0.8412197686645584
2022-08-11,9.76,9.42,44790863,-3.4836065573770503
2022-08-12,9.55,9.91,30638186,3.7696335078533982
2022-08-15,9.82,9.91,33263354,0.9164969450101923
2022-08-16,9.85,9.74,40681240,-1.116751269035532
2022-08-17,9.57,9.43,33933634,-1.4629049111807846
2022-08-18,9.42,9.15,26365589,-2.86624203821656
2022-08-19,9.0,8.51,40560185,-5.444444444444452
2022-08-22,8.32,8.07,37824865,-3.004807692307687
2022-08-23,8.1,8.01,25658542,-1.1111111111111072
2022-08-24,8.04,8.1,26576407,0.7462686567164312
2022-08-25,8.22,8.42,25635573,2.4330900243308973
2022-08-26,8.42,7.94,34150358,-5.700712589073631
2022-08-29,7.82,7.81,28566219,-0.12787723785167016
2022-08-30,7.93,7.79,27189202,-1.7654476670870056
2022-08-31,7.95,7.72,28691526,-2.8930817610062998
2022-09-01,7.61,7.49,39079702,-1.5768725361366642
2022-09-02,7.67,7.4,25965044,-3.520208604954367
2022-09-06,7.45,7.28,30429420,-2.281879194630876
2022-09-07,7.27,7.39,30329957,1.6506189821182904
2022-09-08,7.33,7.53,26303595,2.7285129604365688
2022-09-09,7.68,7.79,27860611,1.432291666666674
2022-09-12,7.86,8.01,30544819,1.9083969465648831
2022-09-13,7.63,7.48,29770663,-1.9659239842725995
2022-09-14,7.45,7.63,29422539,2.4161073825503365
2022-09-15,7.47,8.01,51700626,7.2289156626506035
2022-09-16,7.75,7.78,42155538,0.3870967741935516
2022-09-19,7.64,7.86,29238773,2.8795811518324665
2022-09-20,7.78,7.62,30349629,-2.0565552699228773
2022-09-21,7.72,7.69,36814509,-0.38860103626942033
2022-09-22,7.74,7.37,49138288,-4.780361757105944
2022-09-23,7.2,7.4,34197320,2.77777777777779
2022-09-26,7.35,7.53,45429792,2.448979591836742
2022-09-27,7.69,7.63,31794676,-0.7802340702210753
2022-09-28,7.63,7.94,31955946,4.062909567496731
2022-09-29,8.05,8.08,57908658,0.3726708074534013
2022-09-30,8.01,8.13,47454794,1.4981273408239737
2022-10-03,8.145,8.24,35523982,1.1663597298956496
2022-10-04,8.48,8.46,36313344,-0.2358490566037652
2022-10-05,8.26,8.42,37790218,1.937046004842613
2022-10-06,8.4,8.47,27653442,0.8333333333333304
2022-10-07,8.26,8.15,29550481,-1.3317191283292895
2022-10-10,8.17,8.06,26923337,-1.3463892288861579
2022-10-11,7.99,8.04,40775759,0.6257822277847103
2022-10-12,8.06,8.07,30201563,0.12406947890819531
2022-10-13,7.74,8.08,36040853,4.392764857881137
2022-10-14,8.23,7.53,37484777,-8.505467800729038
2022-10-17,7.71,7.94,31751687,2.983138780804162
2022-10-18,8.15,8.16,37120360,0.12269938650306678
2022-10-19,8.06,7.91,26593980,-1.8610421836228297
2022-10-20,7.73,8.04,26689513,4.010349288486403
2022-10-21,7.93,8.29,30705741,4.5397225725094525
2022-10-24,8.3,8.27,28062245,-0.3614457831325413
2022-10-25,8.36,8.66,31001500,3.5885167464114964
2022-10-26,8.47,8.57,33606930,1.1806375442739103
2022-10-27,8.68,8.6,28940839,-0.9216589861751112
2022-10-28,8.55,8.64,20697363,1.0526315789473717
2022-10-31,8.59,8.79,31376113,2.3282887077997527
2022-11-01,8.99,8.65,29799983,-3.7819799777530583
2022-11-02,8.7,8.22,36042604,-5.517241379310334
2022-11-03,8.07,8.08,36419546,0.12391573729864103
2022-11-04,8.19,7.93,64338926,-3.1746031746031744
2022-11-07,7.78,7.02,99332839,-9.768637532133685
2022-11-08,7.08,7.21,56353934,1.836158192090398
2022-11-09,7.12,6.98,42517300,-1.96629213483146
2022-11-10,7.46,7.64,58579775,2.4128686327077764
2022-11-11,7.48,8.41,55324135,12.433155080213897
2022-11-14,8.18,8.1,37313248,-0.9779951100244544
2022-11-15,8.45,8.34,34454137,-1.3017751479289852
2022-11-16,8.18,8.06,28435997,-1.4669926650366705
2022-11-17,7.83,7.62,33746453,-2.6819923371647514
2022-11-18,7.76,7.39,27245241,-4.768041237113407
2022-11-21,7.31,7.19,36605643,-1.641586867305056
2022-11-22,7.18,7.22,27327800,0.557103064066844
2022-11-23,7.25,7.37,24182861,1.6551724137931156
2022-11-25,7.32,7.28,10824422,-0.5464480874316946
2022-11-28,7.23,7.16,19467050,-0.9681881051175734
2022-11-29,7.2,7.08,22150765,-1.6666666666666718
2022-11-30,7.14,7.5,32745744,5.042016806722693
2022-12-01,7.51,7.86,34424376,4.660452729693754
2022-12-02,7.615,7.66,18794030,0.5909389363099038
2022-12-05,7.62,7.19,32158154,-5.643044619422566
2022-12-06,7.19,6.99,32868065,-2.781641168289295
2022-12-07,7.08,7.07,28351611,-0.14124293785310327
2022-12-08,7.1,7.12,23107690,0.28169014084507005
2022-12-09,7.06,7.11,23367305,0.708215297450443
2022-12-12,7.11,7.29,22672395,2.5316455696202445
2022-12-13,7.73,7.5,41033831,-2.975420439844767
2022-12-14,7.5,7.35,22653792,-2.0000000000000018
2022-12-15,7.17,7.01,25417145,-2.231520223152028
2022-12-16,7.02,6.9,32655552,-1.7094017094017033
2022-12-19,6.8,6.35,41511615,-6.617647058823528
2022-12-20,6.29,6.31,30215576,0.31796502384737746
2022-12-21,6.24,6.5,34408622,4.166666666666674
2022-12-22,6.37,6.32,28065983,-0.7849293563579218
2022-12-23,6.27,6.29,20418981,0.31897926634769647
2022-12-27,6.15,6.0,34573340,-2.4390243902439046
2022-12-28,5.98,6.07,30096787,1.5050167224080147
2022-12-29,6.1,6.4,42694169,4.918032786885251
2022-12-30,6.19,6.42,27830898,3.7156704361873905
2023-01-03,6.58,6.39,29969947,-2.8875379939209744
2023-01-04,6.48,6.58,31660509,1.5432098765431945
2023-01-05,6.45,6.32,34185994,-2.0155038759689936
2023-01-06,6.4,6.4,30596404,0.0
2023-01-09,6.49,6.5,31028876,0.15408320493066618
2023-01-10,6.5,6.7,28236577,3.076923076923088
2023-01-11,6.84,6.98,25936693,2.046783625731008
2023-01-12,7.01,7.01,30152469,0.0
2023-01-13,6.84,6.96,20981000,1.7543859649122862
2023-01-17,6.99,7.07,30910341,1.1444921316166035
2023-01-18,7.155,6.9,32743429,-3.563941299790352
2023-01-19,6.8,6.73,24841655,-1.0294117647058787
2023-01-20,6.76,7.02,28751729,3.8461538461538325
2023-01-23,7.03,7.38,31633292,4.97866287339972
2023-01-24,5.84,7.02,22649458,20.205479452054796
2023-01-25,6.92,7.22,37147944,4.335260115606943
2023-01-26,7.37,7.24,28005624,-1.7639077340569909
2023-01-27,7.19,7.55,37555172,5.006954102920713
2023-01-30,7.5,7.37,28567795,-1.7333333333333312
2023-01-31,7.41,7.78,40984037,4.993252361673406
2023-02-01,7.73,8.2,50123739,6.0802069857697205
2023-02-02,8.51,8.99,71889705,5.640423031727382
2023-02-03,8.54,8.41,64785463,-1.5222482435597096
2023-02-06,8.31,8.31,38845474,0.0
2023-02-07,8.33,8.33,42201785,0.0
2023-02-08,8.25,8.22,35105483,-0.3636363636363549
2023-02-09,8.34,7.95,33366661,-4.6762589928057485
2023-02-10,7.79,7.51,43042403,-3.594351732991019
2023-02-13,7.58,7.61,87397065,0.3957783641161061
2023-02-14,8.59,9.22,216055237,7.334109429569269
2023-02-15,9.16,10.11,153514526,10.371179039301293
2023-02-16,9.65,9.71,88638835,0.6217616580310947
2023-02-17,9.57,9.2,62137799,-3.866248693834906
2023-02-21,9.01,8.47,65226614,-5.993340732519414
2023-02-22,8.48,8.36,55345996,-1.4150943396226578
2023-02-23,8.42,8.17,60015539,-2.9691211401425166
2023-02-24,7.94,8.09,41518558,1.8891687657430767
2023-02-27,8.12,8.03,35270013,-1.1083743842364546
2023-02-28,7.96,7.84,32937011,-1.5075376884422176
2023-03-01,7.83,7.69,27939113,-1.7879948914431676
2023-03-02,7.59,7.97,36805933,5.006587615283276
2023-03-03,8.0,8.33,43229102,4.125000000000001
2023-03-06,8.34,8.28,28316225,-0.7194244604316613
2023-03-07,8.275,8.28,26819619,0.06042296072505948
2023-03-08,8.36,8.13,38723632,-2.751196172248793
2023-03-09,8.07,7.69,29005915,-4.708798017348204
2023-03-10,7.59,7.35,41953579,-3.1620553359683834
2023-03-13,7.29,7.87,63183533,7.956104252400542
2023-03-14,8.05,7.89,33460106,-1.9875776397515699
2023-03-15,7.81,7.9,28217378,1.1523687580025754
2023-03-16,8.01,7.98,20504460,-0.3745318352059823
2023-03-17,7.93,7.88,20920767,-0.6305170239596425
2023-03-20,7.765,8.08,25497386,4.056664520283326
2023-03-21,8.2,8.45,27104478,3.0487804878048808
2023-03-22,8.44,8.21,34150971,-2.7251184834123032
2023-03-23,8.32,8.33,22662235,0.12019230769231282
2023-03-24,8.29,8.2,17939822,-1.0856453558504175
2023-03-27,8.15,8.04,20666810,-1.3496932515337567
2023-03-28,8.06,8.0,14860487,-0.7444168734491385
2023-03-29,8.09,8.22,15339672,1.6069221260816002
2023-03-30,8.33,8.15,21001636,-2.1608643457382892
2023-03-31,8.15,8.45,26174838,3.6809815950920033
2023-04-03,8.37,8.38,22511967,0.11947431302272715
2023-04-04,8.53,8.35,23961225,-2.1101992966002348
2023-04-05,8.63,7.98,54946873,-7.531865585168019
2023-04-06,7.88,8.09,23488564,2.6649746192893398
2023-04-10,8.0,8.39,29184726,4.875000000000007
2023-04-11,8.35,8.61,35617852,3.113772455089814
2023-04-12,8.75,8.33,28771280,-4.800000000000004
2023-04-13,8.5,8.58,27983250,0.9411764705882453
2023-04-14,8.53,8.81,42364533,3.282532239155933
2023-04-17,8.81,8.8,26047508,-0.11350737797957144
2023-04-18,8.93,8.73,21185250,-2.2396416573348232
2023-04-19,8.58,8.49,18193674,-1.0489510489510523
2023-04-20,8.29,8.15,23573036,-1.6887816646562026
2023-04-21,8.14,8.18,14896712,0.49140049140048436
2023-04-24,8.16,8.1,20439283,-0.7352941176470673
2023-04-25,8.0,7.74,21849092,-3.2499999999999973
2023-04-26,7.87,7.74,21396726,-1.6518424396442133
2023-04-27,7.83,7.82,21385464,-0.12771392081736277
2023-04-28,7.77,7.75,24915472,-0.2574002574002532
2023-05-01,7.75,7.78,19134155,0.3870967741935516
2023-05-02,7.72,7.59,38007950,-1.6839378238341918
2023-05-03,7.62,7.56,24322418,-0.7874015748031593
2023-05-04,7.47,7.38,29989336,-1.2048192771084265
2023-05-05,7.44,7.41,45848838,-0.40322580645161255
2023-05-08,7.64,7.74,105304009,1.308900523560208
2023-05-09,9.22,9.55,223573281,3.579175704989157
2023-05-10,9.73,9.94,149374961,2.1582733812949506
2023-05-11,10.14,9.88,73754074,-2.564102564102566
2023-05-12,9.86,9.5,62123944,-3.6511156186612492
2023-05-15,9.21,9.52,53555516,3.3659066232355928
2023-05-16,9.4,9.47,42311914,0.7446808510638281
2023-05-17,9.54,10.25,63834517,7.442348008385746
2023-05-18,10.46,11.74,171402281,12.237093690248567
2023-05-19,11.97,11.71,150269322,-2.172096908939014
2023-05-22,11.62,11.84,76377076,1.8932874354561147
2023-05-23,11.95,12.64,148701808,5.774058577405872
2023-05-24,12.05,12.23,90496870,1.4937759336099532
2023-05-25,13.18,12.84,106557773,-2.5796661608497695
2023-05-26,12.84,13.65,127770554,6.308411214953269
2023-05-30,14.44,14.71,159089328,1.8698060941828354
2023-05-31,14.19,14.71,130392206,3.6645525017618086
2023-06-01,14.46,14.54,126015134,0.5532503457814641
2023-06-02,14.65,14.52,79487612,-0.887372013651877
2023-06-05,14.365,15.24,109017824,6.091193873999301
2023-06-06,15.3,15.46,74284337,1.0457516339869244
2023-06-07,16.01,14.69,227244050,-8.24484697064336
2023-06-08,14.44,15.19,115591618,5.193905817174516
2023-06-09,15.36,15.02,94126339,-2.213541666666663
2023-06-12,15.44,15.65,90250316,1.36010362694301
2023-06-13,16.18,16.0,112765935,-1.1124845488257096
2023-06-14,15.93,15.91,70871917,-0.12554927809165228
2023-06-15,15.66,16.6,91200891,6.002554278416361
2023-06-16,16.87,16.3,90696215,-3.3787788974510957
2023-06-20,15.99,15.79,81335009,-1.250781738586626
2023-06-21,15.66,14.64,97885028,-6.513409961685824
2023-06-22,14.3,14.05,103460998,-1.7482517482517501
2023-06-23,13.64,14.03,74851018,2.859237536656889
2023-06-26,13.87,13.94,50679919,0.5046863734679219
2023-06-27,14.22,14.61,55410531,2.742616033755274
2023-06-28,14.53,15.28,66001041,5.161734342739166
2023-06-29,15.4,15.2,46300897,-1.2987012987013102
2023-06-30,15.48,15.33,42195264,-0.9689922480620172
2023-07-03,15.49,15.52,26037426,0.1936733376371791
2023-07-05,15.425,15.7,39179854,1.7828200972447306
2023-07-06,15.32,15.13,57158281,-1.2402088772845876
2023-07-07,15.23,15.34,48273342,0.7222586999343417
2023-07-10,15.37,16.3,62823618,6.050748210800272
2023-07-11,16.47,16.49,63236574,0.12143290831814202
2023-07-12,16.78,16.59,50079436,-1.1323003575685386
2023-07-13,16.7,16.74,58397771,0.23952095808381646
2023-07-14,16.76,16.4,45115040,-2.147971360381884
2023-07-17,16.42,17.4,63504956,5.968331303288643
2023-07-18,17.88,18.08,87365660,1.118568232662187
2023-07-19,18.02,18.05,89044567,0.16648168701443034
2023-07-20,17.54,17.13,62711592,-2.3375142531356863
2023-07-21,17.47,16.43,63375867,-5.953062392673147
2023-07-24,16.61,16.32,36133647,-1.7459361830222675
2023-07-25,16.35,16.55,36612927,1.2232415902140525
2023-07-26,16.4,16.43,35804775,0.18292682926830395
2023-07-27,16.8,16.15,50685242,-3.8690476190476275
2023-07-28,17.21,17.81,106125623,3.486345148169656
2023-07-31,18.82,19.84,142173835,5.419766206163645
2023-08-01,19.46,19.99,100126141,2.7235354573484027
2023-08-02,19.26,18.97,98215768,-1.505711318795444
2023-08-03,18.63,18.71,55168608,0.42941492216854726
2023-08-04,18.874,18.2,72386045,-3.5710501218607638
2023-08-07,18.25,17.99,133808372,-1.4246575342465873
2023-08-08,17.49,17.04,143014237,-2.572898799313894
2023-08-09,16.76,15.25,126230391,-9.009546539379487
2023-08-10,15.44,15.41,73129139,-0.19430051813471572
2023-08-11,15.05,15.41,56616788,2.392026578073092
2023-08-14,15.2,15.72,47511417,3.421052631578947
2023-08-15,15.61,15.37,44000374,-1.5374759769378632
2023-08-16,15.21,15.45,40394555,1.5779092702169484
2023-08-17,15.39,14.15,91086683,-8.057179987004549
2023-08-18,13.88,14.4,70215160,3.746397694524495
2023-08-21,14.42,14.5,43206161,0.554785020804438
2023-08-22,14.76,14.67,52106867,-0.6097560975609762
2023-08-23,14.5,15.3,53523342,5.517241379310356
2023-08-24,15.7,14.14,93586208,-9.936305732484074
2023-08-25,14.14,14.53,55668905,2.758132956152748
2023-08-28,14.69,14.64,35964677,-0.3403675970047537
2023-08-29,14.6,15.4,47213155,5.47945205479452
2023-08-30,15.46,16.33,65674056,5.62742561448899
2023-08-31,15.6,14.98,101517203,-3.9743589743589713
2023-09-01,15.16,15.18,45258903,0.13192612137202797
2023-09-05,15.08,15.21,33818426,0.8620689655172376
2023-09-06,15.17,15.3,38738076,0.856954515491104
2023-09-07,14.88,15.21,51798780,2.2177419354838745
2023-09-08,15.12,15.13,34047562,0.0661375661375807
2023-09-11,15.41,15.79,55294677,2.4659312134977185
2023-09-12,15.46,15.59,39497916,0.8408796895213344
2023-09-13,15.63,15.6,34354449,-0.19193857965451588
2023-09-14,15.69,15.83,38572508,0.8922880815806389
2023-09-15,15.77,15.33,56271175,-2.7901077996195234
2023-09-18,15.18,15.46,37404081,1.8445322793148922
2023-09-19,15.34,15.15,37804835,-1.2385919165580184
2023-09-20,15.25,14.74,37640487,-3.344262295081968
2023-09-21,14.34,14.0,73071796,-2.3709902370990243
2023-09-22,14.23,14.13,47714543,-0.7027406886858767
2023-09-25,14.0,14.22,39693894,1.5714285714285792
2023-09-26,13.95,13.96,37276213,0.07168458781363629
2023-09-27,14.2,14.85,62780567,4.577464788732399
2023-09-28,15.14,15.77,66590819,4.161162483487435
2023-09-29,16.11,16.0,78055083,-0.6828057107386654
2023-10-02,16.03,15.88,41043913,-0.9357454772301987
2023-10-03,15.61,14.9,51578129,-4.548366431774498
2023-10-04,15.46,15.73,52786237,1.7464424320827954
2023-10-05,15.59,15.81,49648072,1.4111610006414477
2023-10-06,15.56,16.61,65946320,6.7480719794344335
2023-10-09,16.27,17.61,106161182,8.236017209588198
2023-10-10,18.06,17.8,99971501,-1.439645625692132
2023-10-11,17.87,17.92,55745629,0.2797985450475604
2023-10-12,17.92,17.94,57940929,0.11160714285713969
2023-10-13,18.06,17.36,54881953,-3.875968992248058
2023-10-16,17.21,17.36,44987257,0.8715862870424029
2023-10-17,17.0,17.84,54401289,4.941176470588227
2023-10-18,17.81,17.2,44208265,-3.425042111173493
2023-10-19,17.44,17.06,46303217,-2.1788990825688193
2023-10-20,16.85,16.11,63875487,-4.3916913946587695
2023-10-23,15.9,16.2,55967151,1.8867924528301883
2023-10-24,16.38,16.64,39833762,1.5873015873016039
2023-10-25,16.57,15.59,46706480,-5.9143029571514845
2023-10-26,15.6,15.29,49351804,-1.9871794871794912
2023-10-27,15.48,15.07,39913561,-2.6485788113695063
2023-10-30,15.27,14.69,46886417,-3.7982973149967236
2023-10-31,14.58,14.8,40195406,1.5089163237311354
2023-11-01,14.8,14.92,54419071,0.8108108108108025
2023-11-02,17.48,17.97,170406782,2.803203661327225
2023-11-03,18.02,18.89,109302021,4.827968923418435
2023-11-06,18.99,18.54,79952555,-2.369668246445489
2023-11-07,18.86,18.8,56289102,-0.31813361611876534
2023-11-08,18.85,18.49,46063132,-1.9098143236074394
2023-11-09,18.66,18.27,48454200,-2.0900321543408373
2023-11-10,18.155,19.67,92955800,8.344808592674191
2023-11-13,19.59,19.71,74877458,0.6125574272588086
2023-11-14,20.0,19.94,83230466,-0.29999999999998916
2023-11-15,19.9,19.95,75533454,0.2512562814070307
2023-11-16,19.8,19.77,49942759,-0.15151515151515804
2023-11-17,19.68,20.49,69668728,4.115853658536572
2023-11-20,20.65,21.34,90575566,3.341404358353528
2023-11-21,21.11,19.8,106643319,-6.205589767882513
2023-11-22,20.26,19.69,68452455,-2.8134254689042515
2023-11-24,19.38,19.2,39800361,-0.9287925696594423
2023-11-27,19.13,19.08,58808177,-0.261369576581294
2023-11-28,19.11,19.71,54170695,3.1397174254317095
2023-11-29,19.945,19.84,62782105,-0.5264477312609706
2023-11-30,19.94,20.05,55500991,0.5516549648946878
2023-12-01,19.93,20.27,61493670,1.705970898143505
2023-12-04,19.75,18.4,104948518,-6.835443037974686
2023-12-05,18.25,18.3,54460845,0.273972602739736
2023-12-06,17.69,17.13,96110978,-3.165630299604305
2023-12-07,17.22,17.22,56454997,0.0
2023-12-08,17.18,17.77,57542134,3.434225844004657
2023-12-11,17.97,17.77,50929623,-1.112966054535336
2023-12-12,17.69,17.5,46231909,-1.0740531373657491
2023-12-13,17.65,17.87,52682624,1.246458923512761
2023-12-14,18.17,18.21,67462755,0.22014309301046087
2023-12-15,18.67,18.2,93307116,-2.517407605784694
2023-12-18,18.21,17.84,60188148,-2.031850631521148
2023-12-19,17.98,17.95,43530312,-0.16685205784204848
2023-12-20,17.87,17.25,58666901,-3.4695019585898157
2023-12-21,17.53,17.59,30493554,0.3422703936109439
2023-12-22,17.7,17.41,33693787,-1.6384180790960379
2023-12-26,17.44,17.68,31750737,1.3761467889908063
2023-12-27,17.78,17.47,32918437,-1.7435320584927028
2023-12-28,17.46,17.56,38989961,0.572737686139746
2023-12-29,17.52,17.17,38943466,-1.9977168949771529
2024-01-02,16.95,16.58,41626684,-2.1828908554572313
2024-01-03,16.12,16.09,46865204,-0.18610421836229296
2024-01-04,16.05,16.25,39937698,1.2461059190031154
2024-01-05,15.7,15.98,57700013,1.7834394904458595
2024-01-08,16.22,16.67,49089953,2.7743526510481065
2024-01-09,16.51,16.39,35794473,-0.726832222895224
2024-01-10,16.5,16.79,41254398,1.7575757575757578
2024-01-11,16.81,16.68,39552365,-0.773349196906592
2024-01-12,16.68,16.76,33952550,0.4796163069544557
2024-01-16,16.59,16.53,32659260,-0.3616636528028905
2024-01-17,16.26,16.39,30832775,0.7995079950799511
2024-01-18,16.75,16.4,35239739,-2.0895522388059806
2024-01-19,16.57,16.78,40690625,1.2673506336753126
2024-01-22,17.46,17.6,85573913,0.8018327605956443
2024-01-23,17.64,17.33,37794300,-1.7573696145124829
2024-01-24,17.51,16.75,42710696,-4.340376927470024
2024-01-25,16.92,16.46,44589040,-2.7186761229314516
2024-01-26,16.4,16.35,28612154,-0.30487804878046587
2024-01-29,16.45,17.09,35987779,3.8905775075987803
2024-01-30,17.04,16.74,36388182,-1.760563380281699
2024-01-31,16.41,16.09,43582546,-1.9500304692260828
2024-02-01,16.21,16.33,40454381,0.7402837754472369
2024-02-02,16.34,17.02,57672675,4.1615667074663465
2024-02-05,17.56,16.72,167698349,-4.783599088838264
2024-02-06,20.3,21.87,421271485,7.733990147783243
2024-02-07,21.6,23.6,254911069,9.259259259259256
2024-02-08,23.96,24.51,212671149,2.295492487479134
2024-02-09,25.04,24.38,149061975,-2.635782747603832
2024-02-12,23.91,25.05,108173046,4.767879548306153
2024-02-13,23.53,24.01,102293322,2.0399490012749766
2024-02-14,24.15,25.19,97227926,4.306418219461716
2024-02-15,25.04,25.41,70544321,1.4776357827475994
2024-02-16,24.96,24.44,65498227,-2.083333333333337
2024-02-20,23.84,23.4,93374349,-1.8456375838926231
2024-02-21,22.3,22.74,60411461,1.9730941704035665
2024-02-22,23.77,23.59,64458247,-0.7572570466975126
2024-02-23,23.53,22.97,48840765,-2.3799405014874764
2024-02-26,23.03,23.56,46499481,2.3013460703430244
2024-02-27,23.76,24.53,64967421,3.240740740740744
2024-02-28,24.52,24.42,47313982,-0.4078303425774754
2024-02-29,24.81,25.08,62753300,1.0882708585247869
2024-03-01,25.3,24.93,64794407,-1.4624505928853782
2024-03-04,24.4,24.04,64320031,-1.4754098360655665
2024-03-05,23.96,23.81,49542272,-0.6260434056761355
2024-03-06,25.75,26.16,207386942,1.5922330097087434
2024-03-07,27.01,26.46,117519319,-2.0362828582006665
2024-03-08,27.19,26.04,84256124,-4.229496138286137
2024-03-11,25.89,25.35,60829269,-2.085747392815751
2024-03-12,25.57,24.7,75202613,-3.4024247164646138
2024-03-13,24.7,25.0,59712992,1.2145748987854255
2024-03-14,24.83,24.43,49214784,-1.610954490535632
2024-03-15,23.85,23.49,61420999,-1.5094339622641617
2024-03-18,23.77,24.0,44083043,0.9676062263357155
2024-03-19,23.5,23.8,43247249,1.276595744680864
2024-03-20,23.77,24.57,40273774,3.3655868742112016
2024-03-21,25.3,24.49,37099608,-3.201581027667988
2024-03-22,24.2,24.18,25453029,-0.08264462809917106
2024-03-25,24.12,24.51,29255903,1.6169154228855787
2024-03-26,24.76,24.89,43610464,0.5250403877221199
2024-03-27,25.0,24.51,38600086,-1.959999999999995
2024-03-28,24.17,23.01,70008165,-4.7993380223417486
2024-04-01,22.98,22.86,41000029,-0.5221932114882533
2024-04-02,22.0,22.72,39770573,3.2727272727272716
2024-04-03,22.44,22.7,30357412,1.158645276292325
2024-04-04,23.82,22.48,64995295,-5.625524769101597
2024-04-05,22.42,22.96,38716824,2.408563782337203
2024-04-08,23.08,23.0,25022708,-0.34662045060658286
2024-04-09,23.01,22.81,27724525,-0.8691873098652936
2024-04-10,22.22,22.42,28642932,0.900090009000909
2024-04-11,22.65,22.84,26399380,0.8388520971302382
2024-04-12,22.7,22.67,36764458,-0.1321585903083622
2024-04-15,22.79,21.9,38182078,-3.9052215884159747
2024-04-16,21.59,21.88,33869201,1.3432144511347888
2024-04-17,22.01,21.31,30139797,-3.180372557928224
2024-04-18,21.25,21.13,34550542,-0.5647058823529449
2024-04-19,20.98,20.4775,39415887,-2.3951382268827537
2024-04-22,20.72,20.97,31894517,1.2065637065637125
2024-04-23,21.25,21.64,36304634,1.8352941176470683
2024-04-24,22.05,21.59,34426476,-2.08616780045352
2024-04-25,20.82,21.71,26226705,4.274735830931808
2024-04-26,22.05,22.52,33119766,2.1315192743764033
2024-04-29,22.75,22.83,30330698,0.3516483516483371
2024-04-30,22.77,21.97,30511879,-3.5133948177426433
2024-05-01,21.93,22.12,34812852,0.8663930688554533
2024-05-02,22.6,22.55,30396133,-0.22123893805310324
2024-05-03,23.48,23.33,55976409,-0.6388415672913261
2024-05-06,24.37,25.21,175936565,3.4468608945424695
2024-05-07,21.99,21.4,161061622,-2.683037744429284
2024-05-08,21.58,21.56,67582882,-0.0926784059314123
2024-05-09,21.49,21.14,54101937,-1.6286644951139961
2024-05-10,21.27,20.6,59845413,-3.149976492712736
2024-05-13,20.6,20.94,37524809,1.650485436893212
2024-05-14,20.95,21.44,57894354,2.3389021479713668
2024-05-15,21.73,21.67,39424029,-0.27611596870684707
2024-05-16,21.74,21.65,27416677,-0.4139834406623688
2024-05-17,21.78,21.76,30032254,-0.09182736455463081
2024-05-20,21.77,21.62,35255258,-0.6890215893431306
2024-05-21,21.34,21.24,27953962,-0.46860356138707093
2024-05-22,21.23,21.17,25212469,-0.28261893546867034
2024-05-23,21.39,20.72,36887627,-3.1323048153342747
2024-05-24,20.72,21.01,22158712,1.3996138996139162
2024-05-28,21.06,21.05,26274188,-0.04748338081670411
2024-05-29,20.77,20.94,24834240,0.8184882041405883
2024-05-30,21.28,21.73,47583129,2.1146616541353414
2024-05-31,21.79,21.68,44416074,-0.5048187241854074
2024-06-03,21.7,21.32,33876070,-1.751152073732709
2024-06-04,21.05,22.1,41974047,4.988123515439424
2024-06-05,22.48,22.96,39825392,2.1352313167259718
2024-06-06,22.98,23.79,60400366,3.5248041775456818
2024-06-07,23.24,23.31,37149877,0.3012048192771122
2024-06-10,22.75,23.13,31509278,1.6703296703296733
2024-06-11,23.06,23.85,30601852,3.425845620121426
2024-06-12,24.2,23.77,38542724,-1.7768595041322333
2024-06-13,23.85,23.27,26035051,-2.43186582809225
2024-06-14,23.15,23.57,26618284,1.8142548596112418
2024-06-17,23.47,25.02,54101503,6.604175543246704
2024-06-18,25.15,25.82,54458580,2.6640159045725698
2024-06-20,26.44,25.56,66734955,-3.3282904689863946
2024-06-21,24.71,23.84,69981578,-3.5208417644678303
2024-06-24,23.44,24.16,36477408,3.0716723549488067
2024-06-25,24.16,24.56,29657245,1.655629139072845
2024-06-26,24.47,24.1,24331377,-1.512055578259086
2024-06-27,24.1,25.22,37882859,4.647302904564299
2024-06-28,25.28,25.33,38886441,0.19778481012657778
2024-07-01,25.48,25.88,33167921,1.5698587127158437
2024-07-02,25.84,25.83,32148242,-0.03869969040248833
2024-07-03,25.96,25.85,18433843,-0.4237288135593209
2024-07-05,26.0,27.23,46703729,4.730769230769227
2024-07-08,27.93,27.7,59611163,-0.8234872896527023
2024-07-09,27.93,27.39,53226526,-1.933404940923733
2024-07-10,27.5,28.42,43231028,3.3454545454545626
2024-07-11,28.49,27.64,61546057,-2.9835029835029725
2024-07-12,27.32,28.07,30760268,2.74524158125915
2024-07-15,28.42,28.67,49186345,0.8796622097114737
2024-07-16,28.18,28.67,59330683,1.738821859474804
2024-07-17,28.0,28.22,45203461,0.7857142857142785
2024-07-18,28.42,28.64,76485561,0.7741027445461013
2024-07-19,28.31,28.58,49581636,0.9537265983751375
2024-07-22,28.93,28.46,38037812,-1.624611130314546
2024-07-23,28.34,28.81,31134262,1.6584333098094595
2024-07-24,28.44,26.6,49004105,-6.469760900140642
2024-07-25,26.04,26.63,45474613,2.2657450076804864
2024-07-26,27.0,27.18,27432224,0.6666666666666599
2024-07-29,27.56,27.08,26038842,-1.7416545718432541
2024-07-30,27.25,26.37,31819905,-3.2293577981651334
2024-07-31,27.02,26.89,29111605,-0.48112509252404845
2024-08-01,27.02,26.08,31189607,-3.478904515173953
2024-08-02,24.75,24.74,56092591,-0.040404040404051766
2024-08-05,21.74,24.09,88023468,10.809567617295324
2024-08-06,27.05,26.59,99622681,-1.7005545286506552
2024-08-07,27.07,26.32,75975382,-2.770594754340594
2024-08-08,27.04,29.28,96892918,8.284023668639051
2024-08-09,29.28,30.01,88131106,2.4931693989071135
2024-08-12,30.22,29.38,67890322,-2.779616148246189
2024-08-13,29.7887,30.39,57294206,2.018550658471163
2024-08-14,30.62,31.0,49885641,1.241018941868055
2024-08-15,31.31,31.22,43407612,-0.28744809964867946
2024-08-16,31.04,32.08,64870638,3.350515463917514
2024-08-19,32.42,32.5,52353641,0.2467612584824197
2024-08-20,32.5,32.32,40783010,-0.5538461538461492
2024-08-21,32.32,32.54,38147564,0.6806930693069368
2024-08-22,32.55,31.92,43522223,-1.9354838709677247
2024-08-23,31.99,31.78,34121175,-0.6564551422319376
2024-08-26,31.43,30.85,35283625,-1.8453706649697699
2024-08-27,30.55,30.84,23541256,0.9492635024549889
2024-08-28,30.62,30.36,33961370,-0.849118223383416
2024-08-29,30.65,31.0,39732985,1.1419249592169667
2024-08-30,31.05,31.48,42388023,1.3848631239935516
2024-09-03,31.35,30.51,34531596,-2.6794258373205704
2024-09-04,30.0,30.59,33419490,1.9666666666666721
2024-09-05,30.24,30.16,24012331,-0.2645502645502562
2024-09-06,30.6,30.33,50946777,-0.8823529411764786
2024-09-09,32.7,34.6,140582494,5.810397553516822
2024-09-10,34.81,34.76,91720986,-0.14363688595232516
2024-09-11,34.01,34.85,68302252,2.469861805351381
2024-09-12,34.86,34.91,54391843,0.14343086632242485
2024-09-13,34.97,35.59,49727172,1.7729482413497477
2024-09-16,35.78,36.31,74767329,1.48127445500279
2024-09-17,37.0,36.45,64461751,-1.4864864864864824
2024-09-18,35.9,36.38,66279770,1.3370473537604566
2024-09-19,37.0,36.83,59882041,-0.45945945945946587
2024-09-20,36.01,37.2,450290538,3.3046376006665046
2024-09-23,36.86,37.95,79460737,2.9571351058057527
2024-09-24,37.97,36.9,79519248,-2.818014221754017
2024-09-25,36.89,37.12,46511724,0.6234751965302099
2024-09-26,37.26,37.1,48601992,-0.42941492216853616
2024-09-27,36.91,36.84,43219122,-0.18965050121916294
2024-09-30,36.58,37.2,42223553,1.6949152542373058
2024-10-01,37.21,36.46,52858036,-2.015587207739855
2024-10-02,36.3,37.49,34988906,3.278236914600563
2024-10-03,37.45,39.24,57196445,4.7797062750333685
2024-10-04,39.65,40.01,62657545,0.9079445145018905
2024-10-07,39.9,38.89,44124766,-2.5313283208019954
2024-10-08,39.29,41.45,62542945,5.497582081954699
2024-10-09,41.55,43.13,86404698,3.802647412755733
2024-10-10,42.92,43.52,62516314,1.3979496738117492
2024-10-11,43.4,43.51,66206893,0.25345622119814504
2024-10-14,43.72,43.4,41010910,-0.7319304666056681
2024-10-15,43.475,42.43,48296974,-2.403680276020703
2024-10-16,42.4,41.93,59157938,-1.1084905660377342
2024-10-17,42.15,42.0,34028414,-0.3558718861209953
2024-10-18,42.015,42.97,33969020,2.272997738902771
2024-10-21,42.86,42.7,30719779,-0.3733084461035818
2024-10-22,42.69,42.94,27830734,0.5856172405715565
2024-10-23,42.85,42.59,35646980,-0.6067677946324346
2024-10-24,42.89,43.56,34079557,1.5621356959664379
2024-10-25,43.85,44.86,50416491,2.303306727480048
2024-10-28,45.05,44.97,36729700,-0.17758046614871903
2024-10-29,44.9,44.93,26154712,0.06681514476614137
2024-10-30,44.58,43.69,31309232,-1.9964109466128366
2024-10-31,42.79,41.56,50973360,-2.8745033886422022
2024-11-01,41.93,41.92,33722521,-0.023849272597176174
2024-11-04,41.08,41.41,75413298,0.8033106134371915
2024-11-05,47.86,51.13,208868200,6.83242791475136
2024-11-06,53.44,55.53,114255943,3.9109281437125887
2024-11-07,55.82,55.88,121591164,0.10748835542817581
2024-11-08,55.57,58.39,84124034,5.074680583048408
2024-11-11,60.1325,60.24,108357795,0.17877187876771394
2024-11-12,59.01,59.85,59061338,1.4234875444839812
2024-11-13,61.52,60.7,85937360,-1.3328998699609906
2024-11-14,61.05,59.18,59968240,-3.063063063063054
2024-11-15,61.01,65.77,155280388,7.801999672184889
2024-11-18,64.92,61.26,137877641,-5.637707948243998
2024-11-19,59.51,62.98,75557817,5.8309527810451955
2024-11-20,62.59,62.12,59182183,-0.7509186771049836
2024-11-21,62.04,61.36,56336740,-1.0960670535138606
2024-11-22,61.6,64.35,61381713,4.464285714285698
2024-11-25,66.9,64.65,80640465,-3.363228699551568
2024-11-26,64.57,65.74,46923572,1.811986990862624
2024-11-27,66.24,66.05,53839900,-0.28683574879226903
2024-11-29,65.89,67.08,30104046,1.8060403703141548
2024-12-02,67.44,66.39,46404971,-1.556939501779353
2024-12-03,66.41,70.96,100751420,6.851377804547498
2024-12-04,71.13,69.85,86284801,-1.7995220019682234
2024-12-05,70.11,71.87,66585762,2.510340892882623
2024-12-06,72.95,76.34,93640902,4.647018505825917
2024-12-09,80.58,72.46,168134824,-10.076942169272773
2024-12-10,71.99,70.89,89672470,-1.5279899986109124
2024-12-11,72.98,72.51,89477656,-0.644012058098109
2024-12-12,72.3,73.2,73859672,1.2448132780083165
2024-12-13,73.49,76.07,76172785,3.5106817254048073
2024-12-16,75.06,75.75,126099615,0.9192645883293382
2024-12-17,73.28,74.39,75469386,1.5147379912663794
2024-12-18,74.3,71.51,109643381,-3.755047106325693
2024-12-19,73.99,74.21,99524332,0.2973374780375737
2024-12-20,72.64,80.55,281230836,10.889317180616743
2024-12-23,80.65,80.69,93819484,0.049597024178549276
2024-12-24,81.09,82.38,64983263,1.590825009248964
2024-12-26,83.16,82.14,60547746,-1.2265512265512202
2024-12-27,81.42,79.08,66975887,-2.8739867354458437
2024-12-30,77.04,77.18,60850862,0.18172377985461452
2024-12-31,77.58,75.63,56267937,-2.513534416086627
2025-01-02,76.2,75.19,72217192,-1.325459317585309
2025-01-03,75.39,79.89,62415008,5.968961400716277
2025-01-06,78.69,75.92,105619544,-3.520142330664633
2025-01-07,75.2,69.99,91727347,-6.928191489361712
2025-01-08,68.12,68.23,91349513,0.16147974163240875
2025-01-10,66.01,67.26,78148636,1.8936524768974339
2025-01-13,64.29,64.98,69046325,1.0732617825478297
2025-01-14,67.18,65.91,56814898,-1.8904435844001366
2025-01-15,68.55,68.14,56025752,-0.5981035740335483
2025-01-16,69.08,69.24,62908663,0.23161551823971394
2025-01-17,70.9,71.77,54753981,1.2270803949224085
2025-01-21,73.24,73.07,56228967,-0.23211359912616025
2025-01-22,74.5,76.87,66876368,3.181208053691287
2025-01-23,76.04,78.98,55937896,3.8663861125723287
2025-01-24,79.05,78.98,77931906,-0.08855154965210499
2025-01-27,74.07,75.44,76093325,1.8496017280950516
2025-01-28,75.54,80.23,65916656,6.20863118877415
2025-01-29,79.95,79.76,49262158,-0.23764853033145794
2025-01-30,80.02,81.22,46067527,1.4996250937265643
2025-01-31,81.0,82.49,79000219,1.8395061728395001
2025-02-03,80.125,83.74,126592731,4.51170046801872
2025-02-04,102.8,103.83,230806794,1.0019455252918252
2025-02-05,101.78,101.36,90792345,-0.4126547455295726
2025-02-06,101.09,111.28,128217484,10.0801266198437
2025-02-07,111.66,110.85,143795408,-0.7254164427727083
2025-02-10,112.03,116.65,99938072,4.123895385164689
2025-02-11,116.5,112.62,94311705,-3.3304721030042894
2025-02-12,110.29,117.39,75316878,6.437573669416996
2025-02-13,117.31,117.91,60026970,0.5114653482226617
2025-02-14,117.9,119.16,65528863,1.0687022900763177
2025-02-18,120.94,124.62,84227164,3.0428311559451027
2025-02-19,123.86,112.06,147487261,-9.526885192959789
2025-02-20,102.91,106.27,243093928,3.264988825187065
2025-02-21,107.68,101.35,129063185,-5.878528974739982
2025-02-24,95.88,90.67,184484984,-5.433875677930744
2025-02-25,90.65,87.84,132626266,-3.0998345284059647
2025-02-26,89.16,89.31,94846187,0.1682368775235643
2025-02-27,91.91,84.77,99680477,-7.7684691546077715
2025-02-28,79.98,84.92,125977426,6.176544136034012
2025-03-03,88.55,83.42,114573905,-5.793337097684914
2025-03-04,80.16,84.4,116800332,5.289421157684648
2025-03-05,86.35,90.13,116052996,4.37753329473074
2025-03-06,87.505,80.46,117340586,-8.0509685160848
2025-03-07,80.025,84.91,105377101,6.104342393002171
2025-03-10,82.0,76.38,136843832,-6.853658536585372
2025-03-11,75.785,78.05,109351514,2.9887180840535654
2025-03-12,83.48,83.65,116525071,0.2036415908001965
2025-03-13,82.845,79.62,100927167,-3.892811877602742
2025-03-14,82.97,86.24,113985021,3.9411835603230028
2025-03-17,88.44,87.35,99348869,-1.2324739936680262
2025-03-18,85.78,83.89,93236494,-2.203310795057123
2025-03-19,84.55,86.1,89797417,1.833234772324066
2025-03-20,85.54,87.39,105547414,2.1627308861351446
2025-03-21,85.85,90.96,116748695,5.952242283051845
2025-03-24,93.4,96.75,112164708,3.5867237687366105
2025-03-25,97.22,96.5,78015273,-0.7405883563052829
2025-03-26,96.29,92.28,82138337,-4.164503063661861
2025-03-27,91.015,90.09,82823003,-1.0163159918694653
2025-03-28,89.34,85.85,91091708,-3.9064248936646617
2025-03-31,80.0,84.4,108092868,5.500000000000016
2025-04-01,83.89,84.68,78980662,0.9417093813327115
2025-04-02,82.4,87.45,96563137,6.128640776699035
2025-04-03,81.25,83.6,93878189,2.892307692307683
2025-04-04,80.07,74.01,147323190,-7.568377669539139
2025-04-07,66.65,77.84,169083704,16.78919729932482
2025-04-08,83.29,77.32,135345594,-7.167727218153452
2025-04-09,78.19,92.01,187244271,17.674894487786162
2025-04-10,88.4,88.59,124448216,0.21493212669683182
2025-04-11,87.98,88.55,95130683,0.6478745169356648
2025-04-14,95.8,92.62,122836852,-3.31941544885177
2025-04-15,93.53,98.4,118457651,5.206885491286228
2025-04-16,96.28,92.71,121997637,-3.7079351890319967
2025-04-17,94.71,93.78,83991760,-0.9819448843839007
2025-04-21,92.84,90.8,83831145,-2.1973287376131023
2025-04-22,93.015,93.99,91185377,1.0482180293500898
2025-04-23,98.86,100.82,112909507,1.9826016589115758
2025-04-24,101.53,107.78,103190699,6.1558160149709495
2025-04-25,108.05,112.78,103933839,4.377602961591864
2025-04-28,113.78,114.65,111082860,0.7646335032518881
2025-04-29,113.98,116.08,79709007,1.8424284962273996
2025-04-30,111.61,118.44,109461682,6.119523340202493
2025-05-01,120.04,116.2,90677568,-3.198933688770411
2025-05-02,118.66,124.28,103094298,4.736221136018881
2025-05-05,123.7,123.77,135961250,0.056588520614386795
2025-05-06,112.71,108.86,201193359,-3.4158459763996007
2025-05-07,107.97,110.48,95713676,2.324719829582289
2025-05-08,112.28,119.15,126966207,6.118631991449952
2025-05-09,118.97,117.3,81005270,-1.4037152223249527
2025-05-12,120.78,118.46,94257341,-1.9208478224871706
2025-05-13,119.92,128.1,147155359,6.8212141427618445
2025-05-14,129.01,130.18,96611470,0.906906441361155
2025-05-15,128.37,128.12,69502967,-0.1947495520760345
2025-05-16,129.23,129.52,57003724,0.2244060976553497
2025-05-19,124.715,126.33,72503922,1.294952491681034
2025-05-20,127.22,125.59,61265310,-1.2812450872504266
2025-05-21,125.16,120.58,80657671,-3.6593160754234577
2025-05-22,121.95,122.29,75498278,0.2788027880278765
2025-05-23,120.88,123.31,65905836,2.0102581072137804
2025-05-27,126.82,123.39,86455174,-2.704620722283546
2025-05-28,124.23,123.76,64866004,-0.37833051597843115
2025-05-29,125.35,122.32,63137904,-2.4172317510969266
2025-05-30,123.53,131.78,185897579,6.678539626001778
2025-06-02,131.435,132.04,93218744,0.46030357210786743
2025-06-03,133.07,133.17,91297662,0.0751484181257922
2025-06-04,132.8,130.01,97306314,-2.1009036144578497
2025-06-05,129.27,119.91,132238651,-7.240659085634727
2025-06-06,123.73,127.72,87175144,3.2247635981572653
2025-06-09,127.075,132.06,74785580,3.9228801888648412
2025-06-10,131.02,132.81,69308929,1.366203633033125
2025-06-11,133.92,136.39,97366015,1.8443847072879382
2025-06-12,136.4,135.19,56248175,-0.887096774193552
2025-06-13,133.815,137.4,93519043,2.6790718529312807
2025-06-16,140.03,141.41,80779773,0.9855031064771813
2025-06-17,141.485,138.2,70479099,-2.321800897621673
2025-06-18,139.04,139.96,58260225,0.6616800920598465
2025-06-20,140.69,137.3,87067039,-2.4095529177624475
2025-06-23,138.9,139.92,70501099,0.7343412526997772
2025-06-24,140.98,143.23,58574192,1.5959710597247767
2025-06-25,144.49,142.9,61435267,-1.1004221745449572
2025-06-26,144.85,144.25,69440544,-0.4142216085605721
2025-06-27,144.87,130.74,202598647,-9.753572168150749
2025-06-30,137.79,136.32,97305595,-1.0668408447637723
2025-07-01,135.27,130.68,91479688,-3.3932135728542923
2025-07-02,131.47,132.12,59731969,0.49440937095914794
2025-07-03,134.36,134.36,41812483,0.0
2025-07-07,134.38,139.12,71959709,3.5273106116981756
2025-07-08,138.775,139.71,59834823,0.6737524770311643
2025-07-09,139.655,143.13,68494760,2.488274676882307
2025-07-10,143.31,142.5,64383873,-0.565208289721586
2025-07-11,142.11,142.1,52134812,-0.007036802476967363
2025-07-14,142.72,149.15,81774443,4.505325112107639
2025-07-15,148.93,148.58,59126190,-0.23500973611763065
2025-07-16,149.3,150.91,57636985,1.078365706630935
2025-07-17,151.56,153.99,60165516,1.6033254156769594
2025-07-18,154.86,153.52,45771634,-0.8652976882345342
2025-07-21,153.88,151.79,45072814,-1.358201195736941
2025-07-22,150.85,149.07,49880762,-1.179980112694734
2025-07-23,149.74,154.63,48061985,3.2656604781621468
2025-07-24,153.98,154.86,38925748,0.5715027925704774
2025-07-25,155.63,158.8,57972341,2.036882349161484
2025-07-28,159.88,157.88,63886935,-1.2509382036527406
2025-07-29,158.715,156.24,42427214,-1.5593989225970994
2025-07-30,157.365,158.61,40261681,0.7911543227528295
2025-07-31,159.99,158.35,45342610,-1.0250640665041666
2025-08-01,155.05,154.27,61286993,-0.5030635278942319
2025-08-04,158.53,160.66,82993558,1.3435942723774685
2025-08-05,171.81,173.27,130917543,0.8497759152552353
2025-08-06,171.175,179.54,82924849,4.886811742368913
2025-08-07,181.01,182.2,77829184,0.657422241865091
2025-08-08,184.735,186.96,62657935,1.2044279643814049
2025-08-11,186.47,182.68,56125630,-2.0324985252319405
2025-08-12,184.7,186.97,54983765,1.2290200324851064
2025-08-13,189.0,184.37,53610031,-2.449735449735446
2025-08-14,182.41,181.02,53472933,-0.7620196261169832
2025-08-15,179.725,177.17,60288736,-1.4216163583252284
2025-08-18,175.27,174.03,62656597,-0.7074798881725353
2025-08-19,171.36,157.75,137922722,-7.942343604108315
2025-08-20,152.3,156.01,220336359,2.435981615233085
2025-08-21,157.17,156.18,94678639,-0.6298912006107882
2025-08-22,155.315,158.74,102099177,2.2051958922190362
2025-08-25,156.1,157.17,86879821,0.6854580397181342
2025-08-26,155.39,160.87,86573715,3.526610463993829
2025-08-27,162.32,156.72,76380553,-3.4499753573188685
2025-08-28,157.63,158.12,57885244,0.31085453276660235
2025-08-29,156.98,156.71,45270502,-0.17199643266656572
2025-09-02,151.2,157.09,65434969,3.8955026455026465
2025-09-03,158.0,154.9,66052296,-1.9620253164556956
2025-09-04,154.865,156.14,53292341,0.8232977109094763
2025-09-05,157.82,153.11,81855896,-2.984412621974386
2025-09-08,154.91,156.1,47642952,0.7681879801174851
2025-09-09,157.25,162.36,61359531,3.249602543720198
2025-09-10,166.0,166.74,62211418,0.4457831325301198
2025-09-11,167.24,164.36,42025501,-1.7220760583592454
2025-09-12,165.35,171.43,54498535,3.6770486846084083
2025-09-15,169.6,171.21,45396116,0.9492924528301971
2025-09-16,171.04,170.26,34598658,-0.45603367633302305
2025-09-17,169.02,168.33,69255497,-0.40823571175008233
2025-09-18,170.27,176.97,70768631,3.9349268808363203
2025-09-19,177.07,182.39,109129929,3.004461512396217
2025-09-22,180.88,179.33,45916684,-0.856921716054837
2025-09-23,182.51,182.55,62354834,0.021916607309191427
2025-09-24,183.91,179.56,45379666,-2.3652873688217
2025-09-25,175.8,179.12,72321194,1.88850967007963
2025-09-26,179.05,177.57,44275794,-0.826584752862336
2025-09-29,179.64,178.86,38413753,-0.4342017368069273
2025-09-30,178.98,182.42,43561729,1.9220024583752382
2025-10-01,181.32,184.95,45717299,2.00198544010588
2025-10-02,186.7,187.05,39849210,0.1874665238350337
2025-10-03,186.4,173.07,105533447,-7.151287553648078
2025-10-06,179.18,179.53,52504240,0.19533430070319824
2025-10-07,180.31,182.17,58179256,1.031556763352004
2025-10-08,182.8,183.56,36299659,0.41575492341356934
2025-10-09,183.58,185.47,45050252,1.0295239132803058
2025-10-10,185.17,175.44,55194034,-5.254630879732137
2025-10-13,178.68,177.21,41332442,-0.8226997985224971
2025-10-14,176.0,179.74,49261447,2.124999999999999
2025-10-15,181.655,179.62,37372129,-1.1202554292477518
2025-10-16,181.78,178.12,42870891,-2.0134228187919434
2025-10-17,177.75,178.15,43421494,0.22503516174403604
2025-10-20,179.49,181.59,31975847,1.1699816145746222
2025-10-21,182.06,181.51,27528145,-0.3020982093815294
2025-10-22,181.93,175.49,58263102,-3.539823008849552
2025-10-23,175.445,180.48,35812304,2.8698452506483507
2025-10-24,182.88,184.63,34813464,0.9569116360454988
2025-10-27,188.97,189.18,47153057,0.11112875059533511
2025-10-28,189.48,189.6,38201014,0.06333122229258414
2025-10-29,191.08,198.81,65537255,4.045425999581331
2025-10-30,198.425,194.55,43541719,-1.952878921506862
2025-10-31,199.2,200.47,52697644,0.6375502008032274
2025-11-03,205.045,207.18,81016835,1.0412348508864078
2025-11-04,192.07,190.74,121380862,-0.6924558754620613
2025-11-05,189.0,187.9,76121036,-0.5820105820105836
2025-11-06,187.99,175.05,78468584,-6.88334485876908
2025-11-07,173.15,177.93,73989654,2.760612185965927
2025-11-10,184.31,193.61,87764245,5.045846671368892
2025-11-11,190.335,190.96,49643385,0.32836840307877146
